"test_id","exam_version","generation_batch_id","target_score_band","question_id","section","module","route","question_number","content_domain","skill_group","skill_code","skill_label","question_topic","difficulty","scoring_weight","question_type","passage","question","choice_a","choice_b","choice_c","choice_d","correct_answer","correct_choice_index","explanation","time_estimate_sec","visual_type","visual_json","table_markdown","equation_latex","student_response_type","correct_numeric_answer","answer_tolerance","primary_skill","secondary_skill","tags"
"SAT_RW_33","RW33","33","450-650","RW33_M1_Q01","RW","1","base","1","Craft and Structure","Words in Context","RW_WIC_001","Determine meaning or function of a word/phrase in context","vocabulary in context","medium","1","multiple_choice","The curator described the new catalog as a provisional map rather than a finished account. By calling it provisional, she invited later scholars to correct omissions and redraw relationships among the objects as new records emerged. The catalog covers objects from three recent excavations, but several boxes remain unprocessed and the museum has not yet received all of the field notebooks.","As used in the text, what does “provisional” most nearly mean?","officially approved","deliberately incomplete in every detail","unrelated to later evidence","temporary and open to revision","D","4","“Provisional” contrasts with “finished” and is paired with future correction, so it means temporary and revisable.","75","none","{}","","","","","","Words in Context","","passage:R003, arch:RW_WIC_001, sim:rw_words_in_context_cause_effect, fp:376445a3bd6d, wic"
"SAT_RW_33","RW33","33","450-650","RW33_M1_Q02","RW","1","base","2","Craft and Structure","Words in Context","RW_WIC_002","Determine meaning or function of a word/phrase in context","vocabulary in context","medium","1","multiple_choice","The biologist noted that the marsh’s recovery was uneven: reeds returned quickly near the inlet, while sedges remained sparse farther inland. The word uneven qualifies the claim by preventing readers from treating improvement in one zone as evidence of complete recovery. Satellite images showed that the inlet and inland zones received comparable rainfall, so the contrast could not be explained simply by one area having a wetter season.","Which choice best describes how the word “uneven” functions in the text?","It limits the scope of the recovery claim by emphasizing variation across locations.","It dismisses the recovery measurements as unreliable.","It indicates that the marsh changed at a constant rate.","It shifts attention from plant growth to water chemistry.","A","1","The surrounding examples contrast two zones, so “uneven” narrows the recovery claim rather than rejecting it.","75","none","{}","","","","","","Words in Context","","passage:R009, arch:RW_WIC_002, sim:rw_words_in_context_purpose_sentence, fp:73e41b7e6147, wic"
"SAT_RW_33","RW33","33","450-650","RW33_M1_Q03","RW","1","base","3","Craft and Structure","Words in Context","RW_WIC_003","Determine meaning or function of a word/phrase in context","vocabulary in context","medium","1","multiple_choice","The historian called the diary entry “guarded.” Although the writer acknowledged the strike’s size, she avoided predicting its outcome and used phrases such as “for now” and “perhaps.” Elsewhere in the diary, the writer makes confident predictions about routine matters, making the restraint in this entry especially noticeable.","Which choice best explains what “guarded” mainly suggests about the diary entry?","Its language is hostile toward the strikers.","Its details are concealed through a code.","Its account is enthusiastic about rapid change.","Its claims are deliberately cautious because the writer is uncertain.","D","4","The qualifying phrases show caution and uncertainty, which is the contextual force of “guarded.”","75","none","{}","","","","","","Words in Context","","passage:R015, arch:RW_WIC_003, sim:rw_words_in_context_word_function, fp:0be860be0c3b, wic"
"SAT_RW_33","RW33","33","450-650","RW33_M1_Q04","RW","1","base","4","Craft and Structure","Text Structure and Purpose","RW_TSP_001","Analyze structure or purpose","text structure","medium","1","multiple_choice","For years, engineers assumed that adding more sensors would always improve a bridge-monitoring system. A trial on three bridges complicated that assumption. The densest sensor network produced many redundant readings, slowing the software that flagged unusual vibrations. A smaller network, arranged around joints known to bear the greatest stress, detected the same warning patterns more quickly. The trial does not show that sensors are unnecessary; rather, it suggests that placement can matter more than sheer quantity.","Which choice best describes the overall structure of the text?","It lists several bridge failures and then ranks their causes.","It explains a monitoring method and then argues that the method should be abandoned.","It compares two software programs without drawing a broader conclusion.","It presents a common assumption, reports evidence that complicates it, and offers a more specific conclusion.","D","4","The text begins with an assumption, contrasts it with trial results, and concludes that placement may matter more than quantity.","75","none","{}","","","","","","Text Structure and Purpose","","passage:R045, arch:RW_TSP_001, sim:rw_text_structure_and_purpose_purpose_sentence, fp:0e0368526df9"
"SAT_RW_33","RW33","33","450-650","RW33_M1_Q05","RW","1","base","5","Craft and Structure","Text Structure and Purpose","RW_TSP_002","Analyze structure or purpose","text structure","medium","1","multiple_choice","Mara first noticed the cracked glaze on a bowl that had been stored in the museum basement for decades. The crack seemed minor, but under magnification it revealed a network of salt crystals. She compared the bowl with pieces stored at steadier humidity and found no similar damage. The comparison led conservators to adjust the basement’s climate controls before treating the bowl itself.","Which choice best describes the function of the sentence about magnification?","It turns an apparently small flaw into evidence of a broader preservation problem.","It introduces a competing explanation that the conservators later reject.","It supplies a chronological detail unrelated to the museum’s response.","It proves that the bowl was damaged before it entered the museum.","A","1","The magnified crystals reveal that the crack is not trivial and motivate the later comparison and intervention.","75","none","{}","","","","","","Text Structure and Purpose","","passage:R051, arch:RW_TSP_002, sim:rw_text_structure_and_purpose_word_function, fp:ad64a0b55c2c"
"SAT_RW_33","RW33","33","450-650","RW33_M1_Q06","RW","1","base","6","Craft and Structure","Text Structure and Purpose","RW_TSP_003","Analyze structure or purpose","text structure","medium","1","multiple_choice","A city planted rows of young trees along two equally busy streets. On one street, crews watered every tree on a fixed schedule. On the other, soil sensors triggered watering only when moisture fell below a threshold. After a hot summer, survival rates were similar, but the sensor-guided street used far less water. Because installation costs were modest, planners expanded the sensor system the following year.","What is the main purpose of the final sentence?","It questions whether the two streets were truly comparable.","It introduces the original reason the trees were planted.","It shows how the study’s findings influenced a subsequent practical decision.","It explains why tree survival was lower than expected.","C","3","The final sentence connects the evidence about water savings and costs to the planners’ later expansion decision.","75","none","{}","","","","","","Text Structure and Purpose","","passage:R057, arch:RW_TSP_003, sim:rw_text_structure_and_purpose_revision_goal, fp:1c811f33549d"
"SAT_RW_33","RW33","33","450-650","RW33_M1_Q07","RW","1","base","7","Craft and Structure","Cross-Text Connections","RW_CTC_001","Compare claims across paired texts","paired texts","medium","1","multiple_choice","Text 1:
Restoring fallen logs to managed forests can benefit fungi, insects, and small animals that rely on decaying wood. Because many managed stands remove such material, even a modest increase can restore missing habitat.

Text 2:
Decaying logs can enrich forest habitat, but placement matters. Large accumulations beside heavily used trails may obstruct access and can complicate fire management during dry periods. Managers should concentrate additions away from those areas.","Based on the texts, how would the author of Text 2 most likely respond to the claim in Text 1?","The author would reject the idea that any organisms benefit from decaying wood.","The author would argue that trail access is less important than all other forest goals.","The author would claim that managed forests already contain too much decaying wood.","The author would agree that logs can restore habitat but would qualify where they should be placed.","D","4","Text 2 accepts the habitat benefit but adds practical limits concerning placement near trails.","95","none","{}","","","","","","Cross-Text Connections","","passage:R084, arch:RW_CTC_001, sim:rw_cross_text_connections_word_function, fp:d57986e9fe78"
"SAT_RW_33","RW33","33","450-650","RW33_M1_Q08","RW","1","base","8","Information and Ideas","Central Ideas and Details","RW_CID_001","Identify main idea, key detail, or summary","main idea","medium","1","multiple_choice","Along a rocky coast, volunteers have photographed the same tide pools every month for six years. The images show that mussel beds recover quickly after winter storms when nearby crevices still contain adult mussels. Pools isolated from such refuges recover much more slowly, even when water temperature and wave exposure are similar. Researchers conclude that small protected pockets can serve as sources for recolonization after disturbance. The finding has prompted local managers to protect not only large mussel beds but also scattered crevices that might otherwise seem insignificant.","Which choice best states the main idea of the text?","Small refuges of adult mussels can speed the recovery of nearby tide pools after storms.","Winter storms affect all tide pools in exactly the same way.","Water temperature is the only factor determining mussel recovery.","Volunteer photographs are less useful than direct observation by managers.","A","1","The repeated photographs link faster recovery to nearby adult-mussel refuges, and managers act on that conclusion.","75","none","{}","","","","","","Central Ideas and Details","","passage:R031, arch:RW_CID_001, sim:rw_central_ideas_and_details_main_claim, fp:f64b28afd1cf"
"SAT_RW_33","RW33","33","450-650","RW33_M1_Q09","RW","1","base","9","Information and Ideas","Central Ideas and Details","RW_CID_002","Identify main idea, key detail, or summary","main idea","medium","1","multiple_choice","A translator working with a seventeenth-century travel diary found that the author used one word for both “harbor” and “shelter.” Earlier translations selected “harbor” in every instance. Yet several passages describe inland camps, where no port could exist. The translator therefore varied the English wording according to context and included a note explaining the ambiguity. Her approach preserves the repeated source word while avoiding a misleading uniform translation.","Which choice best states the central idea of the text?","A translator should always use one English word for each source word.","The diary’s author never traveled near a harbor.","Footnotes should replace translated words whenever meanings are uncertain.","Context can require different translations of the same source word, especially when its meanings overlap.","D","4","The inland examples show why a single English rendering would mislead, while the note preserves the source-language connection.","75","none","{}","","","","","","Central Ideas and Details","","passage:R032, arch:RW_CID_002, sim:rw_central_ideas_and_details_supporting_detail, fp:0cfebaaa0035"
"SAT_RW_33","RW33","33","450-650","RW33_M1_Q10","RW","1","base","10","Information and Ideas","Command of Evidence","RW_COE_001","Use textual or quantitative evidence","evidence","medium","1","multiple_choice","A research team proposed that brief nighttime lighting disrupts moth feeding less when the light is amber rather than blue. In field plots, the team counted visits to flowering plants under each color and in unlit controls. The researchers predicted that amber-lit plots would resemble the controls more closely than blue-lit plots.","Which finding would most directly support the researchers’ prediction?","Blue-lit plots attracted more beetles than amber-lit plots did.","Flowers in all plots produced similar amounts of nectar before the trial.","Moths visited amber-lit plots less often than both blue-lit and unlit plots.","Moth visit counts in amber-lit plots were close to those in unlit plots and substantially higher than those in blue-lit plots.","D","4","The prediction concerns relative moth visits: amber should be nearer to the unlit control and less disruptive than blue.","75","none","{}","","","","","","Command of Evidence","","passage:R062, arch:RW_COE_001, sim:rw_command_of_evidence_supporting_detail, fp:c340fc9bd111"
"SAT_RW_33","RW33","33","450-650","RW33_M1_Q11","RW","1","base","11","Information and Ideas","Command of Evidence","RW_COE_002","Use textual or quantitative evidence","evidence","medium","1","multiple_choice","An archaeologist argues that a riverside workshop specialized in making small fishing hooks rather than producing many kinds of metal objects. Excavations recovered metal fragments, tools, and unfinished pieces from the workshop floor.","Which finding would most strongly support the archaeologist’s claim?","The workshop lies closer to the river than nearby houses do.","Some completed hooks were found at distant inland sites.","Most unfinished pieces match successive stages in the production of small hooks, while few objects of other types are present.","The metal fragments contain several different alloys.","C","3","A concentration of hook-production stages directly supports specialized manufacture, unlike location or alloy variety alone.","75","none","{}","","","","","","Command of Evidence","","passage:R065, arch:RW_COE_002, sim:rw_command_of_evidence_contrast, fp:01cd10fb4f89"
"SAT_RW_33","RW33","33","450-650","RW33_M1_Q12","RW","1","base","12","Information and Ideas","Inferences","RW_INF_001","Draw supported conclusions","inference","medium","1","multiple_choice","During a drought, a town offered rebates for replacing lawns with native plants. Water use fell sharply among participating households, but it also declined modestly among nearby nonparticipants. Interviews revealed that many nonparticipants had seen neighbors’ new gardens and adopted smaller changes, such as watering less often. The town’s report notes that the program’s measured household savings may not capture all of its effects.","Which inference is best supported by the text?","The rebate program may have influenced water use beyond the households that directly received rebates.","Every nonparticipant replaced a lawn with native plants.","The town overestimated the savings of participating households.","Native plants require no water during drought.","A","1","Nearby nonparticipants changed behavior after observing participants, indicating a spillover beyond direct recipients.","75","none","{}","","","","","","Inferences","","passage:R073, arch:RW_INF_001, sim:rw_inferences_contrast, fp:db067ea6ca96"
"SAT_RW_33","RW33","33","450-650","RW33_M1_Q13","RW","1","base","13","Information and Ideas","Inferences","RW_INF_002","Draw supported conclusions","inference","medium","1","multiple_choice","A composer’s early sketches for a quartet contain several abrupt tempo changes that do not appear in the published score. In later sketches, the transitions become progressively smoother, while the main melody remains nearly unchanged. Musicologists therefore regard the surviving drafts as evidence of sustained revision rather than a sequence of unrelated versions.","What can reasonably be inferred about the composer’s revision process?","The composer replaced the main melody in every draft.","The composer focused on refining transitions while preserving the quartet’s central melodic material.","The published score predates all surviving sketches.","The tempo changes were added only after publication.","B","2","The melody stays stable while transitions change, supporting a targeted revision process.","75","none","{}","","","","","","Inferences","","passage:R077, arch:RW_INF_002, sim:rw_inferences_cause_effect, fp:30c2231f1d3c"
"SAT_RW_33","RW33","33","450-650","RW33_M1_Q14","RW","1","base","14","Information and Ideas","Inferences","RW_INF_003","Draw supported conclusions","inference","medium","1","multiple_choice","Sensors placed beneath a glacier recorded brief surges of meltwater pressure before periods of faster ice movement. The surges did not precede every acceleration, and some occurred without a noticeable speed change. Researchers say the pattern is consistent with water sometimes lubricating the glacier bed, but they avoid treating pressure as a complete predictor.","Which inference is best supported?","Meltwater pressure never influences glacier movement.","Every pressure surge causes an immediate acceleration.","Ice movement can be predicted perfectly from a single sensor.","Meltwater pressure may contribute to glacier acceleration, but other factors also affect movement.","D","4","The association is partial rather than universal, implying contribution without complete prediction.","75","none","{}","","","","","","Inferences","","passage:R079, arch:RW_INF_003, sim:rw_inferences_purpose_sentence, fp:39ba35ec97c6"
"SAT_RW_33","RW33","33","450-650","RW33_M1_Q15","RW","1","base","15","Standard English Conventions","Boundaries","RW_BND_002","Use punctuation to mark sentence boundaries","grammar","medium","1","multiple_choice","The research vessel reached the inlet at dawn ____ the crew began collecting water samples before the tide turned.","Which choice completes the text so that it conforms to the conventions of Standard English?",", therefore,","; therefore,","therefore,",";","B","2","A semicolon before “therefore” and a comma after it correctly join the two independent clauses and punctuate the conjunctive adverb.","45","none","{}","","","","","","Boundaries","","passage:R031, arch:RW_BND_002, sim:rw_boundaries_verb_pronoun_agreement, fp:13b76580b395, sec, grammar, tier:SEC2, ctx:SECCTX_001"
"SAT_RW_33","RW33","33","450-650","RW33_M1_Q16","RW","1","base","16","Standard English Conventions","Boundaries","RW_BND_003","Use punctuation to mark sentence boundaries","grammar","medium","1","multiple_choice","The mural ____ covers the station’s eastern wall, was restored after decades of exposure to rain.","Which choice completes the text so that it conforms to the conventions of Standard English?","which","; which",", which",": which","C","3","The nonessential relative clause begins with “, which” and is closed by the existing comma.","45","none","{}","","","","","","Boundaries","","passage:R032, arch:RW_BND_003, sim:rw_boundaries_paired_text_relation, fp:322ba50bdcc8, sec, grammar, tier:SEC2, ctx:SECCTX_002"
"SAT_RW_33","RW33","33","450-650","RW33_M1_Q17","RW","1","base","17","Standard English Conventions","Boundaries","RW_BND_004","Use punctuation to mark sentence boundaries","grammar","medium","1","multiple_choice","Several species nest on the island during spring ____ only two, however, remain there throughout the winter.","Which choice completes the text so that it conforms to the conventions of Standard English?",",",":",";","and","C","3","A semicolon correctly separates the two independent clauses; the commas around “however” are already present in the second clause.","45","none","{}","","","","","","Boundaries","","passage:R033, arch:RW_BND_004, sim:rw_boundaries_evidence_based_inference, fp:3d7aef839f4b, sec, grammar, tier:SEC2, ctx:SECCTX_003"
"SAT_RW_33","RW33","33","450-650","RW33_M1_Q18","RW","1","base","18","Standard English Conventions","Boundaries","RW_BND_005","Use punctuation to mark sentence boundaries","grammar","medium","1","multiple_choice","The archive contains three categories of records ____ letters, maps, and shipping logs.","Which choice completes the text so that it conforms to the conventions of Standard English?",", namely,",": namely,","; namely,",": and","B","2","A colon appropriately introduces the list, and “namely” identifies the items as the three categories.","45","none","{}","","","","","","Boundaries","","passage:R034, arch:RW_BND_005, sim:rw_boundaries_main_claim, fp:bb1774aa2a4b, sec, grammar, tier:SEC2, ctx:SECCTX_004"
"SAT_RW_33","RW33","33","450-650","RW33_M1_Q19","RW","1","base","19","Standard English Conventions","Form, Structure, and Sense","RW_FSS_001","Choose grammatically complete and logical expression","grammar","medium","1","multiple_choice","Neither the early sketches nor the final blueprint ____ the tower’s unusual ventilation system in detail.","Which choice completes the text so that it conforms to the conventions of Standard English?","explain","have explained","explains","were explaining","C","3","With “neither...nor,” the verb agrees with the nearer singular subject “blueprint,” so “explains” is correct.","45","none","{}","","","","","","Form, Structure, and Sense","","passage:R035, arch:RW_FSS_001, sim:rw_form_structure_and_sense_verb_pronoun_agreement, fp:79424bbefb0d, sec, grammar, tier:SEC3, ctx:SECCTX_005"
"SAT_RW_33","RW33","33","450-650","RW33_M1_Q20","RW","1","base","20","Standard English Conventions","Form, Structure, and Sense","RW_FSS_002","Choose grammatically complete and logical expression","grammar","medium","1","multiple_choice","After reviewing the field notes, the unexpected migration route ____ the biologists.","Which choice completes the text so that it conforms to the conventions of Standard English?","surprised","was surprising","having surprised","to surprise","A","1","The sentence needs a finite verb with “the unexpected migration route” as its subject; “surprised” supplies it.","45","none","{}","","","","","","Form, Structure, and Sense","","passage:R036, arch:RW_FSS_002, sim:rw_form_structure_and_sense_paired_text_relation, fp:6d707473fd7e, sec, grammar, tier:SEC3, ctx:SECCTX_006"
"SAT_RW_33","RW33","33","450-650","RW33_M1_Q21","RW","1","base","21","Standard English Conventions","Form, Structure, and Sense","RW_FSS_003","Choose grammatically complete and logical expression","grammar","medium","1","multiple_choice","The novelist’s letters reveal that she revised the ending repeatedly, ____ to make the narrator’s decision seem less abrupt.","Which choice completes the text so that it conforms to the conventions of Standard English?","hoping","hoped","she hoped","and hoping that she","A","1","The participial phrase “hoping to make...” logically modifies the subject “she” and smoothly expresses purpose.","45","none","{}","","","","","","Form, Structure, and Sense","","passage:R037, arch:RW_FSS_003, sim:rw_form_structure_and_sense_evidence_based_inference, fp:13a7b8728937, sec, grammar, tier:SEC3, ctx:SECCTX_007"
"SAT_RW_33","RW33","33","450-650","RW33_M1_Q22","RW","1","base","22","Expression of Ideas","Transitions","RW_TR_001","Select transition that logically connects ideas","transitions","medium","1","multiple_choice","The coastal town installed permeable pavement in one parking lot to reduce storm-water runoff. Measurements after heavy rain showed less water flowing into nearby drains. ____ the town plans to test the pavement in two additional locations.","Which choice most logically links the runoff measurements to the town’s next step?","For example,","Nevertheless,","Consequently,","Meanwhile,","C","3","The second sentence reports a successful result, and the final sentence presents an action taken because of that result; “Consequently” expresses cause and effect.","40","none","{}","","","","","","Transitions","","passage:E099, arch:RW_TR_001, sim:rw_transitions_logical_link, fp:5eec5ef57e83"
"SAT_RW_33","RW33","33","450-650","RW33_M1_Q23","RW","1","base","23","Expression of Ideas","Transitions","RW_TR_002","Select transition that logically connects ideas","transitions","medium","1","multiple_choice","The first edition of the atlas used hand-drawn coastlines based on sailors’ reports. ____ the revised edition incorporated measurements from systematic shoreline surveys.","Which transition best signals the difference between the atlas editions?","Similarly,","By contrast,","For instance,","Therefore,","B","2","The revised edition uses a different, more systematic source, so “By contrast” correctly marks the difference.","40","none","{}","","","","","","Transitions","","passage:E104, arch:RW_TR_002, sim:rw_transitions_punctuation_boundary, fp:bf833b92d927"
"SAT_RW_33","RW33","33","450-650","RW33_M1_Q24","RW","1","base","24","Expression of Ideas","Transitions","RW_TR_003","Select transition that logically connects ideas","transitions","medium","1","multiple_choice","A beekeeper noticed that colonies near wildflower strips produced honey later in the season than other colonies did. ____ those colonies also maintained larger food reserves into early autumn.","Which transition most logically introduces the additional benefit of the wildflower strips?","Instead,","Moreover,","Nevertheless,","For example,","B","2","The final statement adds a second benefit associated with the wildflower strips, so “Moreover” is appropriate.","40","none","{}","","","","","","Transitions","","passage:E109, arch:RW_TR_003, sim:rw_transitions_verb_pronoun_agreement, fp:7075db0a3e5e"
"SAT_RW_33","RW33","33","450-650","RW33_M1_Q25","RW","1","base","25","Expression of Ideas","Rhetorical Synthesis","RW_RS_001","Use notes to achieve a writing goal","rhetorical synthesis","medium","1","multiple_choice","A student has taken the following notes:
• A community garden opened on a vacant lot in 2022.
• Residents grow vegetables in individual plots.
• The garden also has shared beds used by a neighborhood food pantry.
• In its first full season, the pantry beds supplied 320 kilograms of produce.

The student wants to emphasize the garden’s contribution to food access.","Which choice most effectively emphasizes the garden’s contribution to food access?","In its first full season, the community garden’s shared beds provided 320 kilograms of produce to a neighborhood food pantry.","Opened on a vacant lot in 2022, the community garden includes both individual plots and shared beds.","Residents grow vegetables in individual plots at a community garden that opened in 2022.","The garden’s shared beds and individual plots are located together on a formerly vacant lot.","A","1","The correct choice directly emphasizes the quantified contribution to the food pantry, which addresses food access.","55","none","{}","","","","","","Rhetorical Synthesis","","passage:E129, arch:RW_RS_001, sim:rw_rhetorical_synthesis_revision_goal, fp:0ed4db9d6039"
"SAT_RW_33","RW33","33","450-650","RW33_M1_Q26","RW","1","base","26","Expression of Ideas","Rhetorical Synthesis","RW_RS_002","Use notes to achieve a writing goal","rhetorical synthesis","medium","1","multiple_choice","A student has taken the following notes:
• Engineer Lila Okafor designed a low-cost water sensor.
• The sensor uses a reusable optical strip.
• Conventional sensors often require disposable chemical cartridges.
• In testing, Okafor’s sensor produced comparable readings while reducing consumable waste.

The student wants to contrast Okafor’s design with conventional sensors.","Which choice most effectively contrasts Okafor’s sensor with conventional sensors?","Okafor is an engineer who designed and tested a low-cost water sensor.","Unlike conventional sensors that rely on disposable cartridges, Okafor’s design uses a reusable strip while producing comparable readings.","Both Okafor’s sensor and conventional sensors are used to measure water conditions.","The reusable optical strip in Okafor’s sensor is one part of a low-cost design.","B","2","The correct choice explicitly contrasts disposability with reusability while preserving the comparable-performance detail.","55","none","{}","","","","","","Rhetorical Synthesis","","passage:E134, arch:RW_RS_002, sim:rw_rhetorical_synthesis_logical_link, fp:bb819eb89077"
"SAT_RW_33","RW33","33","450-650","RW33_M1_Q27","RW","1","base","27","Expression of Ideas","Rhetorical Synthesis","RW_RS_003","Use notes to achieve a writing goal","rhetorical synthesis","medium","1","multiple_choice","A student has taken the following notes:
• A 1911 theater was renovated in 2024.
• Workers preserved the original brick facade.
• They installed modern heating and electrical systems.
• The project received a regional preservation award.

The student wants to explain how the renovation balanced preservation and modernization.","Which choice best explains how the theater renovation balanced preservation and modernization?","The theater, built in 1911, received a regional preservation award after its 2024 renovation.","The renovation preserved the theater’s original brick facade while adding modern heating and electrical systems.","Workers completed a renovation of the old theater and installed several systems.","The theater’s brick facade dates to 1911, and the building won an award in 2024.","B","2","The correct choice directly links preservation of the facade with modernization of building systems.","55","none","{}","","","","","","Rhetorical Synthesis","","passage:E139, arch:RW_RS_003, sim:rw_rhetorical_synthesis_punctuation_boundary, fp:d4e4b7440a42"
"SAT_RW_33","RW33","33","650-800","RW33_M2_Q01","RW","2","hard","1","Craft and Structure","Words in Context","RW_WIC_004","Determine meaning or function of a word/phrase in context","contextual vocabulary","hard","1","multiple_choice","The new measurements do not invalidate the earlier model; instead, they render one of its assumptions less plausible. The verb render marks a change in how the assumption should be judged, not a physical transformation. The model’s remaining predictions still matched the observations, and the researchers retained its broader framework while revising the disputed premise.","Which choice best describes the role of “render” in the text?","It suggests that the measurements visually display the assumption.","It claims that the model translates the assumption into data.","It indicates that the measurements cause the assumption to seem less credible.","It implies that the researchers permanently remove the assumption.","C","3","Here “render” connects new evidence to a changed evaluation: the assumption becomes less plausible.","75","none","{}","","","","","","Words in Context","","passage:R021, arch:RW_WIC_004, sim:rw_words_in_context_revision_goal, fp:1c4ba8de633a, wic, hard_vocab, tier:V3, vocab:HV_002, target:render, tier:V3"
"SAT_RW_33","RW33","33","650-800","RW33_M2_Q02","RW","2","hard","2","Craft and Structure","Words in Context","RW_WIC_005","Determine meaning or function of a word/phrase in context","contextual vocabulary","hard","1","multiple_choice","The reviewer praises the essay’s range but calls its central analogy “strained.” Because several examples fit only after substantial qualification, the term mainly signals that the analogy has been pushed beyond what the evidence comfortably supports. The reviewer notes that the essay compares institutions that differ in funding, purpose, and scale, differences the analogy repeatedly has to set aside.","What does the word “strained” mainly suggest about the analogy?","It is expressed in language that is emotionally tense.","It has been shortened to meet a word limit.","It requires forced connections that weaken its persuasiveness.","It depends on evidence gathered under pressure.","C","3","The need for repeated qualification shows that the analogy is forced, not merely tense or brief.","75","none","{}","","","","","","Words in Context","","passage:R027, arch:RW_WIC_005, sim:rw_words_in_context_logical_link, fp:8d81ccfedaa9, wic, hard_vocab, tier:V3, vocab:HV_181, target:strained, tier:V4"
"SAT_RW_33","RW33","33","650-800","RW33_M2_Q03","RW","2","hard","3","Craft and Structure","Words in Context","RW_WIC_006","Determine meaning or function of a word/phrase in context","contextual vocabulary","hard","1","multiple_choice","The field team treated the first reading as anomalous, but the second and third instruments recorded the same spike. In this context, “anomalous” helps establish the team’s initial expectation before the repeated measurements challenged it. Before checking the other instruments, the team had planned to exclude the spike from its analysis as noise rather than treat it as a possible signal.","Which choice best describes how “anomalous” serves the passage?","It proves that the first instrument was defective.","It presents the first reading as an apparent outlier that later evidence makes harder to dismiss.","It identifies the spike as typical of the entire season.","It shows that the team predicted the repeated measurements.","B","2","The term introduces the outlier interpretation, while the later readings undermine that interpretation.","75","none","{}","","","","","","Words in Context","","passage:R033, arch:RW_WIC_006, sim:rw_words_in_context_punctuation_boundary, fp:8fd74aff5a0c, wic, hard_vocab, tier:V4, vocab:HV_190, target:anomalous, tier:V4"
"SAT_RW_33","RW33","33","650-800","RW33_M2_Q04","RW","2","hard","4","Craft and Structure","Words in Context","RW_WIC_007","Determine meaning or function of a word/phrase in context","contextual vocabulary","hard","1","multiple_choice","The economist’s conclusion is deliberately circumscribed: it applies only to small firms during the two-year study period. By using that term, the author prevents a limited finding from being generalized to all businesses or time periods. The study did not include large corporations, economic recessions, or periods after the policy changed, all of which could produce different outcomes.","Which choice best explains the effect of “circumscribed” in the text?","It suggests that the conclusion is written in technical notation.","It indicates that the conclusion has been widely disputed.","It emphasizes that the conclusion is restricted to a defined scope.","It implies that the conclusion repeats an earlier theory.","C","3","The following limits on firm size and time period define the claim’s scope, so “circumscribed” means restricted.","75","none","{}","","","","","","Words in Context","","passage:R039, arch:RW_WIC_007, sim:rw_words_in_context_verb_pronoun_agreement, fp:b9e58d3ec28f, wic, hard_vocab, tier:V4, vocab:HV_211, target:circumscribed, tier:V4"
"SAT_RW_33","RW33","33","650-800","RW33_M2_Q05","RW","2","hard","5","Craft and Structure","Text Structure and Purpose","RW_TSP_004","Analyze structure or purpose","text structure","hard","1","multiple_choice","At first, the violin maker rejected computer scans as too abstract to guide handcraft. Yet when a scan revealed a slight asymmetry inside an admired eighteenth-century instrument, she carved a test plate that reproduced the feature. Its tone was richer than that of her usual symmetrical plates. She did not surrender judgment to software, but she began using scans to identify details worth testing by ear and hand.","Which choice best describes the text’s organization?","It traces a shift from skepticism to selective adoption after a practical test.","It contrasts two makers who use incompatible techniques.","It argues that historical instruments cannot be reproduced accurately.","It catalogs several scanning errors before proposing a correction.","A","1","The maker begins skeptical, tests one scanned feature, and then adopts scans selectively.","75","none","{}","","","","","","Text Structure and Purpose","","passage:R063, arch:RW_TSP_004, sim:rw_text_structure_and_purpose_logical_link, fp:8188a4a618b1"
"SAT_RW_33","RW33","33","650-800","RW33_M2_Q06","RW","2","hard","6","Craft and Structure","Text Structure and Purpose","RW_TSP_005","Analyze structure or purpose","text structure","hard","1","multiple_choice","Many desert plants open their stomata at night, reducing water loss during gas exchange. A newly studied shrub follows this pattern during drought, but after rare winter rains it opens some stomata in daylight. The temporary shift allows faster growth when water is abundant. Thus, the shrub’s strategy is not a fixed rule but a flexible response to changing conditions.","Which choice best describes the role of the second sentence?","It defines a technical term used nowhere else in the text.","It dismisses the general pattern described in the first sentence as false.","It introduces an exception that prepares for the broader claim about flexibility.","It provides historical background on the shrub’s discovery.","C","3","The daylight behavior is an exception to the nighttime pattern and supports the concluding claim that the strategy is flexible.","75","none","{}","","","","","","Text Structure and Purpose","","passage:R069, arch:RW_TSP_005, sim:rw_text_structure_and_purpose_punctuation_boundary, fp:da9f8a7e507d"
"SAT_RW_33","RW33","33","650-800","RW33_M2_Q07","RW","2","hard","7","Craft and Structure","Text Structure and Purpose","RW_TSP_006","Analyze structure or purpose","text structure","hard","1","multiple_choice","A linguist compared recordings from speakers in three neighboring valleys. Older speakers used distinct vowel patterns in each valley, whereas younger speakers sounded increasingly similar. Bus routes linking the valleys had expanded during the same decades, but online communication had also grown. The linguist therefore proposed transportation as one plausible influence while noting that the recordings alone could not isolate its effect.","How does the text develop its central point?","It states a theory and then supplies evidence that fully proves it.","It describes a research method before rejecting all of its results.","It presents a pattern, identifies a possible explanation, and then limits the strength of that explanation.","It compares older and younger speakers only to argue that age has no relevance.","C","3","The text moves from convergence, to transportation as a possible cause, to a caution that other influences cannot be separated.","75","none","{}","","","","","","Text Structure and Purpose","","passage:R075, arch:RW_TSP_006, sim:rw_text_structure_and_purpose_verb_pronoun_agreement, fp:af36e8434fac"
"SAT_RW_33","RW33","33","650-800","RW33_M2_Q08","RW","2","hard","8","Craft and Structure","Cross-Text Connections","RW_CTC_002","Compare claims across paired texts","paired texts","hard","1","multiple_choice","Text 1:
Digitized newspapers let historians search thousands of pages for names and phrases that would be difficult to trace by hand. Such searches can reveal patterns across regions and decades.

Text 2:
Searchable newspaper archives are powerful, yet optical-character errors are not evenly distributed. Faded pages and unusual typefaces are more likely to be misread, so search results may underrepresent precisely the papers in poorest condition.","Which choice best states a relationship between the two texts?","Text 2 argues that historians should stop using newspapers as evidence.","Text 1 focuses on damaged pages, whereas Text 2 focuses only on regional differences.","Text 2 provides an example that fully confirms the accuracy of the searches described in Text 1.","Text 2 acknowledges the method praised in Text 1 while identifying a source of bias in its results.","D","4","Text 2 agrees that searchable archives are useful but warns that recognition errors can distort the patterns researchers find.","95","none","{}","","","","","","Cross-Text Connections","","passage:R090, arch:RW_CTC_002, sim:rw_cross_text_connections_revision_goal, fp:6a3128fcc9e8"
"SAT_RW_33","RW33","33","650-800","RW33_M2_Q09","RW","2","hard","9","Information and Ideas","Central Ideas and Details","RW_CID_003","Identify main idea, key detail, or summary","main idea","hard","1","multiple_choice","Researchers tested whether rooftop gardens cool the floors directly below them. Buildings with deep soil stayed cooler during sunny afternoons, but buildings with shallow soil showed nearly the same benefit when their plants formed dense canopies. Moisture measurements indicated that shade and evaporation, not soil depth alone, explained much of the cooling. The team therefore cautioned planners against using soil depth as a simple proxy for performance; plant coverage and irrigation must also be considered.","Which choice best states the main idea?","Only deep-soil rooftop gardens can cool buildings effectively.","Dense plant canopies prevent evaporation from rooftop gardens.","Rooftop cooling depends on several interacting features, so soil depth alone is an inadequate predictor.","Irrigation has no measurable relationship to rooftop temperature.","C","3","The findings show similar cooling under different soil depths and identify canopy, shade, evaporation, and irrigation as relevant factors.","75","none","{}","","","","","","Central Ideas and Details","","passage:R036, arch:RW_CID_003, sim:rw_central_ideas_and_details_contrast, fp:84a6d1c86505"
"SAT_RW_33","RW33","33","650-800","RW33_M2_Q10","RW","2","hard","10","Information and Ideas","Central Ideas and Details","RW_CID_004","Identify main idea, key detail, or summary","main idea","hard","1","multiple_choice","A museum invited visitors to handle replicas of carved tools while the originals remained behind glass. Surveys showed that visitors who touched the replicas remembered manufacturing details more accurately a week later than visitors who only read labels. However, both groups remembered the tools’ dates equally well. The researchers argue that tactile interaction may strengthen memory for physical processes without improving every kind of factual recall.","Which choice best captures the researchers’ conclusion about rooftop cooling?","Handling replicas may improve memory for how objects were made but not necessarily for dates.","Touching replicas improves all forms of museum learning equally.","Reading labels prevents visitors from remembering manufacturing details.","Original artifacts must be handled for tactile learning to occur.","A","1","The survey shows a selective benefit for manufacturing details, while date recall remains unchanged.","75","none","{}","","","","","","Central Ideas and Details","","passage:R037, arch:RW_CID_004, sim:rw_central_ideas_and_details_cause_effect, fp:6810eff50c75"
"SAT_RW_33","RW33","33","650-800","RW33_M2_Q11","RW","2","hard","11","Information and Ideas","Central Ideas and Details","RW_CID_005","Identify main idea, key detail, or summary","main idea","hard","1","multiple_choice","In several lakes, scientists compared environmental DNA collected near shore with samples taken from deeper water. Near-shore samples detected more amphibian species, while deep-water samples detected more open-water fish. Combining both locations produced the most complete species list. The scientists conclude that a single sampling location can bias biodiversity estimates toward organisms that use that habitat.","What is the main idea of the text?","Deep-water samples are always more accurate than near-shore samples.","Environmental DNA cannot detect amphibians in lakes.","All species use near-shore and deep-water habitats equally.","Sampling from multiple lake habitats gives a more complete biodiversity estimate than sampling from one location.","D","4","Each sampling location favors different organisms, and the combined set yields the fullest list.","75","none","{}","","","","","","Central Ideas and Details","","passage:R038, arch:RW_CID_005, sim:rw_central_ideas_and_details_purpose_sentence, fp:5396f040c57b"
"SAT_RW_33","RW33","33","650-800","RW33_M2_Q12","RW","2","hard","12","Information and Ideas","Command of Evidence","RW_COE_003","Use textual or quantitative evidence","evidence","hard","1","multiple_choice","A transit agency tested whether dispatchers who adjust departures in real time can reduce bus bunching. On one route, dispatchers received live vehicle locations and could briefly hold buses; on a comparable route, schedules were unchanged. The agency measured the gaps between consecutive buses during the evening rush.","Which result would most directly support the agency’s hypothesis?","Both routes carried more riders on rainy days than on clear days.","Gaps on the dispatcher-managed route became more even, while gaps on the comparison route changed little.","Drivers on the comparison route reported fewer radio messages.","The managed route had newer buses than the comparison route.","B","2","Reduced bunching would appear as more even gaps specifically on the route receiving the intervention.","75","none","{}","","","","","","Command of Evidence","","passage:R068, arch:RW_COE_003, sim:rw_command_of_evidence_cause_effect, fp:e4fe3aa60d32"
"SAT_RW_33","RW33","33","650-800","RW33_M2_Q13","RW","2","hard","13","Information and Ideas","Command of Evidence","RW_COE_004","Use textual or quantitative evidence","evidence","hard","1","multiple_choice","A botanist hypothesized that a waxy leaf coating helps alpine plants retain water during sudden dry winds. She compared intact leaves with leaves whose coating had been gently removed, holding temperature and light constant.","Which finding would provide the strongest evidence for the hypothesis?","Leaves without the coating lost water faster than intact leaves during the same dry-wind exposure.","Intact leaves and treated leaves had similar sizes before the trial.","Plants at lower elevations produced more flowers in spring.","Removing the coating changed the leaves’ color slightly.","A","1","Faster water loss after coating removal directly links the coating to water retention under controlled conditions.","75","none","{}","","","","","","Command of Evidence","","passage:R071, arch:RW_COE_004, sim:rw_command_of_evidence_purpose_sentence, fp:6398df79f0ee"
"SAT_RW_33","RW33","33","650-800","RW33_M2_Q14","RW","2","hard","14","Information and Ideas","Inferences","RW_INF_004","Draw supported conclusions","inference","hard","1","multiple_choice","When a library extended weekend hours, total visits rose by 18 percent. Weekday visits remained nearly constant, and most new weekend visitors reported that work schedules had previously prevented them from coming. Book circulation increased only 4 percent, while use of study rooms rose 25 percent.","Which conclusion is most strongly supported by the information?","The policy caused weekday visitors to stop borrowing books.","Most new visitors came only to check out books.","Study-room use declined despite the increase in visits.","The extended hours primarily expanded access to library space for people unavailable on weekdays.","D","4","The reports about work schedules and the larger rise in study-room use indicate expanded access, especially to space.","75","none","{}","","","","","","Inferences","","passage:R083, arch:RW_INF_004, sim:rw_inferences_word_function, fp:5b15290eebe7"
"SAT_RW_33","RW33","33","650-800","RW33_M2_Q15","RW","2","hard","15","Information and Ideas","Inferences","RW_INF_005","Draw supported conclusions","inference","hard","1","multiple_choice","A paleontologist compared wear marks on fossil teeth with marks produced when modern animals ate different plants. The fossil pattern matched tough grasses more closely than soft leaves, but the paleontologist cautioned that grit in food can create similar scratches. Additional chemical evidence would be needed to distinguish the two possibilities.","What can most reasonably be inferred?","The tooth wear is consistent with a grass-heavy diet but does not by itself establish that diet conclusively.","The fossils certainly belonged to animals that ate only grass.","Grit never affects tooth-wear patterns.","Chemical evidence has already ruled out soft leaves.","A","1","The comparison favors grasses, but the grit alternative prevents a conclusive dietary claim.","75","none","{}","","","","","","Inferences","","passage:R085, arch:RW_INF_005, sim:rw_inferences_revision_goal, fp:28a3609e4a0b"
"SAT_RW_33","RW33","33","650-800","RW33_M2_Q16","RW","2","hard","16","Standard English Conventions","Boundaries","RW_BND_006","Use punctuation to mark sentence boundaries","grammar","hard","1","multiple_choice","The ceramic fragments found near the kiln ____ unlike those recovered from the market district, contain traces of the same mineral glaze.","Which choice completes the text so that it conforms to the conventions of Standard English?",",",";",":","— whereas","A","1","The comparison beginning with “unlike” is nonessential and must be set off from the main clause with a comma.","50","none","{}","","","","","","Boundaries","","passage:R038, arch:RW_BND_006, sim:rw_boundaries_supporting_detail, fp:ea5d90640833, sec, grammar, tier:SEC3, ctx:SECCTX_008"
"SAT_RW_33","RW33","33","650-800","RW33_M2_Q17","RW","2","hard","17","Standard English Conventions","Boundaries","RW_BND_007","Use punctuation to mark sentence boundaries","grammar","hard","1","multiple_choice","The committee approved the revised plan only after one condition was added ____ all construction had to pause during nesting season.","Which choice completes the text so that it conforms to the conventions of Standard English?",", namely,","; because",":",", and","C","3","A colon correctly introduces the explanation of the condition after a complete independent clause.","50","none","{}","","","","","","Boundaries","","passage:R039, arch:RW_BND_007, sim:rw_boundaries_contrast, fp:b5f96e0412e1, sec, grammar, tier:SEC3, ctx:SECCTX_009"
"SAT_RW_33","RW33","33","650-800","RW33_M2_Q18","RW","2","hard","18","Standard English Conventions","Boundaries","RW_BND_008","Use punctuation to mark sentence boundaries","grammar","hard","1","multiple_choice","The telescope’s mirror was polished in stages ____ each stage removed imperfections left by the previous one.","Which choice completes the text so that it conforms to the conventions of Standard English?","because",";",",",":","B","2","A semicolon correctly links two closely related independent clauses without creating a comma splice.","50","none","{}","","","","","","Boundaries","","passage:R040, arch:RW_BND_008, sim:rw_boundaries_cause_effect, fp:7a6d5cde9944, sec, grammar, tier:SEC3, ctx:SECCTX_010"
"SAT_RW_33","RW33","33","650-800","RW33_M2_Q19","RW","2","hard","19","Standard English Conventions","Form, Structure, and Sense","RW_FSS_004","Choose grammatically complete and logical expression","grammar","hard","1","multiple_choice","By the time the seedlings were transferred outdoors, each of the trays ____ under controlled light for six weeks.","Which choice completes the text so that it conforms to the conventions of Standard English?","have remained","had remained","were remaining","remain","B","2","The past perfect “had remained” shows that the six-week period was completed before the later past transfer.","50","none","{}","","","","","","Form, Structure, and Sense","","passage:R041, arch:RW_FSS_004, sim:rw_form_structure_and_sense_main_claim, fp:9a7883961a9b, sec, grammar, tier:SEC3, ctx:SECCTX_011"
"SAT_RW_33","RW33","33","650-800","RW33_M2_Q20","RW","2","hard","20","Standard English Conventions","Form, Structure, and Sense","RW_FSS_005","Choose grammatically complete and logical expression","grammar","hard","1","multiple_choice","The samples collected from the deepest layer were the ones that the geologist considered most ____ because they had not been disturbed by later construction.","Which choice completes the text so that it conforms to the conventions of Standard English?","reliably","reliability","more reliably","reliable","D","4","The adjective “reliable” is required after “considered most” to describe the pronoun “ones.”","50","none","{}","","","","","","Form, Structure, and Sense","","passage:R042, arch:RW_FSS_005, sim:rw_form_structure_and_sense_supporting_detail, fp:f1ad8b80d081, sec, grammar, tier:SEC3, ctx:SECCTX_012"
"SAT_RW_33","RW33","33","650-800","RW33_M2_Q21","RW","2","hard","21","Standard English Conventions","Form, Structure, and Sense","RW_FSS_006","Choose grammatically complete and logical expression","grammar","hard","1","multiple_choice","Covered with a thin film of ice, ____.","Which choice completes the text so that it conforms to the conventions of Standard English?","pedestrians found the stone steps difficult to see","the streetlights reflected across the stone steps","visibility decreased near the stone steps","the stone steps became difficult to see","D","4","The opening modifier must logically describe the noun that follows; the stone steps, not pedestrians or visibility, are covered with ice.","50","none","{}","","","","","","Form, Structure, and Sense","","passage:R043, arch:RW_FSS_006, sim:rw_form_structure_and_sense_contrast, fp:bb4440f312ad, sec, grammar, tier:SEC4, ctx:SECCTX_013"
"SAT_RW_33","RW33","33","650-800","RW33_M2_Q22","RW","2","hard","22","Standard English Conventions","Form, Structure, and Sense","RW_FSS_007","Choose grammatically complete and logical expression","grammar","hard","1","multiple_choice","Although the first survey suggested that the population was stable ____ the second survey, conducted after the dry season, recorded a substantial decline.","Which choice completes the text so that it conforms to the conventions of Standard English?",",","; however,","because",": therefore,","A","1","The introductory dependent clause beginning with “Although” must be followed by a comma before the independent clause.","50","none","{}","","","","","","Form, Structure, and Sense","","passage:R044, arch:RW_FSS_007, sim:rw_form_structure_and_sense_cause_effect, fp:02027ef7150c, sec, grammar, tier:SEC4, ctx:SECCTX_014"
"SAT_RW_33","RW33","33","650-800","RW33_M2_Q23","RW","2","hard","23","Expression of Ideas","Transitions","RW_TR_004","Select transition that logically connects ideas","transitions","hard","1","multiple_choice","The experiment was designed to test whether seedlings respond to the direction of sound. The speakers, however, produced a small amount of heat. ____ the researchers could not determine whether sound or temperature caused the observed growth pattern.","Which choice best connects the heat produced by the speakers to the researchers’ uncertainty?","As a result,","Likewise,","For example,","In contrast,","A","1","The heat is a confounding factor that causes the stated uncertainty, so “As a result” expresses the logical consequence.","45","none","{}","","","","","","Transitions","","passage:E114, arch:RW_TR_004, sim:rw_transitions_paired_text_relation, fp:cde37e792741"
"SAT_RW_33","RW33","33","650-800","RW33_M2_Q24","RW","2","hard","24","Expression of Ideas","Transitions","RW_TR_005","Select transition that logically connects ideas","transitions","hard","1","multiple_choice","Most ceramic vessels at the site were made from local clay. One bowl contained minerals found only in a region hundreds of kilometers away. ____ the bowl may have arrived through long-distance exchange.","Which transition most logically introduces the inference about long-distance exchange?","Meanwhile,","Thus,","Nevertheless,","For example,","B","2","The nonlocal minerals provide evidence for the inference about exchange, so “Thus” is the logical transition.","45","none","{}","","","","","","Transitions","","passage:E119, arch:RW_TR_005, sim:rw_transitions_evidence_based_inference, fp:1ef609eb703d"
"SAT_RW_33","RW33","33","650-800","RW33_M2_Q25","RW","2","hard","25","Expression of Ideas","Transitions","RW_TR_006","Select transition that logically connects ideas","transitions","hard","1","multiple_choice","The software initially sorted bird calls by pitch alone. That method confused two species with overlapping pitch ranges. ____ developers added timing and rhythm features to the model.","Which choice best signals that the developers’ action responds to the sorting problem?","Similarly,","In other words,","To address this problem,","For instance,","C","3","The added features are a response to the sorting problem, which “To address this problem” clearly signals.","45","none","{}","","","","","","Transitions","","passage:E124, arch:RW_TR_006, sim:rw_transitions_main_claim, fp:a047bde15d58"
"SAT_RW_33","RW33","33","650-800","RW33_M2_Q26","RW","2","hard","26","Expression of Ideas","Rhetorical Synthesis","RW_RS_004","Use notes to achieve a writing goal","rhetorical synthesis","hard","1","multiple_choice","A student has taken the following notes:
• Ecologist Priya Sen studied seed dispersal by city pigeons.
• She placed trays of native seeds on six rooftops.
• Cameras showed pigeons carrying seeds between four of the rooftops.
• Seedlings later appeared in two trays that had initially been empty.

The student wants to present evidence supporting the idea that pigeons can disperse seeds between rooftops.","Which choice most effectively presents evidence that pigeons dispersed seeds between rooftops?","Sen placed trays of native seeds on six rooftops as part of an ecological study.","Cameras recorded pigeons carrying seeds among rooftops, and seedlings later emerged in two trays that had begun empty.","Pigeons were visible on four rooftops, while two trays contained seedlings later in the study.","The study concerned native seeds, city pigeons, rooftop trays, and seedling growth.","B","2","The correct choice combines direct observation of seed transport with the later appearance of seedlings in initially empty trays.","60","none","{}","","","","","","Rhetorical Synthesis","","passage:E144, arch:RW_RS_004, sim:rw_rhetorical_synthesis_verb_pronoun_agreement, fp:4a51a50d64ab"
"SAT_RW_33","RW33","33","650-800","RW33_M2_Q27","RW","2","hard","27","Expression of Ideas","Rhetorical Synthesis","RW_RS_005","Use notes to achieve a writing goal","rhetorical synthesis","hard","1","multiple_choice","A student has taken the following notes:
• Poet Armand Lee published his first collection in 1998.
• Critics praised its spare style.
• His 2018 collection uses longer lines and elaborate imagery.
• Lee has said that he changed styles to represent crowded urban settings.

The student wants to highlight a change in Lee’s style and give his reason for it.","Which choice best highlights Lee’s stylistic change and his reason for making it?","Lee published collections in 1998 and 2018, and critics reviewed his early work.","Critics praised the spare style of Lee’s first collection, which appeared in 1998.","Lee has written about urban settings and has discussed the development of his poetry.","Although Lee’s first collection was known for a spare style, his 2018 poems use longer lines and elaborate imagery to represent crowded urban settings.","D","4","The correct choice identifies both the stylistic shift and Lee’s stated reason for making it.","60","none","{}","","","","","","Rhetorical Synthesis","","passage:E149, arch:RW_RS_005, sim:rw_rhetorical_synthesis_paired_text_relation, fp:5280827465dd"
"SAT_MATH_33","33","MATH_V6_33","400-600","MATH33_M1_Q01","MATH","1","base","1","Algebra","Linear Equations","ALG_LE_001","Solve a one-variable linear equation with constants on both sides","Solve a one-variable linear equation with constants on both sides","E1","1","multiple_choice","","What is the solution to 5x - 7 = 3x + 9?","1","8","-8","16","B","2","Subtracting 3x and adding 7 gives 2x = 16, so x = 8.","75","none","{}","","","","","","solve a one-variable linear equation with constants on both sides","","math,domain:Algebra,skill:ALG_LE_001,arch:MATH_ARCH_001_LINEAR_EQUATION_ONE_VARIABLE,sim:SIM_LINEAR_EQUATIONS_AND_INEQUALITIES,fp:c82cb26d,tier:E1"
"SAT_MATH_33","33","MATH_V6_33","400-600","MATH33_M1_Q02","MATH","1","base","2","Algebra","Linear Equations","ALG_LE_006","Solve a one-variable linear inequality, including sign reversal","Solve a one-variable linear inequality, including sign reversal","E1","1","multiple_choice","","Which inequality is equivalent to -3x + 5 > 17?","x < -4","x > -4","x < 4","x > 4","A","1","Subtract 5 to get -3x > 12. Dividing by -3 reverses the inequality, so x < -4.","75","none","{}","","","","","","solve a one-variable linear inequality, including sign reversal","","math,domain:Algebra,skill:ALG_LE_006,arch:MATH_ARCH_023_INEQUALITY_ONE_VARIABLE,sim:SIM_LINEAR_EQUATIONS_AND_INEQUALITIES,fp:aaa65ec5,tier:E1"
"SAT_MATH_33","33","MATH_V6_33","400-600","MATH33_M1_Q03","MATH","1","base","3","Algebra","Linear Functions","ALG_LF_001","Interpret slope and intercept in a real-world linear model","Interpret slope and intercept in a real-world linear model","M1","1","multiple_choice","","A storage tank contains 120 liters of water and is filled at a constant rate of 18 liters per minute. Which expression gives the amount of water, in liters, after t minutes?","18 + 120t","120 - 18t","120 + 18t","18t","C","3","The initial amount is 120 and the amount increases by 18 each minute, so the model is 120 + 18t.","75","none","{}","","","","","","interpret slope and intercept in a real-world linear model","","math,domain:Algebra,skill:ALG_LF_001,arch:MATH_ARCH_004_LINEAR_MODEL_INITIAL_RATE,sim:SIM_LINEAR_FUNCTIONS_AND_GRAPHS,fp:db2c0276,tier:M1"
"SAT_MATH_33","33","MATH_V6_33","400-600","MATH33_M1_Q04","MATH","1","base","4","Advanced Math","Equivalent Expressions","ADV_EE_001","Simplify expression using exponent rules","Simplify expression using exponent rules","M1","1","student_response","","For x ≠ 0, the expression x^7/x^3 is equal to x^k. What is the value of k?","","","","","","","When dividing powers with the same base, subtract exponents: 7 - 3 = 4.","75","none","{}","","","integer","4","0","simplify expression using exponent rules","","math,domain:Advanced Math,skill:ADV_EE_001,arch:MATH_ARCH_067_EXPONENT_RULES_SIMPLIFY,sim:SIM_EXPONENT_RADICALS,fp:9ad9a542,tier:M1"
"SAT_MATH_33","33","MATH_V6_33","400-600","MATH33_M1_Q05","MATH","1","base","5","Geometry and Trigonometry","Triangles","GEO_TRI_001","Use angle relationships with parallel lines and transversal","Use angle relationships with parallel lines and transversal","E1","1","multiple_choice","","Two parallel lines are cut by a transversal. One acute angle measures 38°. What is the measure of any obtuse angle formed by the transversal?","38","52","128","142","D","4","An acute and an adjacent obtuse angle are supplementary, so the obtuse angle is 180 - 38 = 142 degrees.","75","none","{}","","","","","","use angle relationships with parallel lines and transversal","","math,domain:Geometry and Trigonometry,skill:GEO_TRI_001,arch:MATH_ARCH_084_ANGLE_PAIRS_PARALLEL_LINES,sim:SIM_PARALLEL_LINES_ANGLES,fp:aec5e77a,tier:E1"
"SAT_MATH_33","33","MATH_V6_33","400-600","MATH33_M1_Q06","MATH","1","base","6","Algebra","Linear Equations","ALG_LE_002","Clear denominators to solve a linear equation with fractional coefficients","Clear denominators to solve a linear equation with fractional coefficients","M2","1","multiple_choice","","What is the solution to (x - 2)/3 + (x + 1)/2 = 7?","39/5","43/5","41/5","47/5","B","2","Multiplying by 6 gives 2(x - 2) + 3(x + 1) = 42. Thus 5x - 1 = 42, so x = 43/5.","75","none","{}","","","","","","clear denominators to solve a linear equation with fractional coefficients","","math,domain:Algebra,skill:ALG_LE_002,arch:MATH_ARCH_002_LINEAR_EQUATION_FRACTIONS,sim:SIM_LINEAR_EQUATIONS_AND_INEQUALITIES,fp:52197b13,tier:M2"
"SAT_MATH_33","33","MATH_V6_33","400-600","MATH33_M1_Q07","MATH","1","base","7","Advanced Math","Nonlinear Functions","ADV_NF_002","Evaluate a function at a given input","Evaluate a function at a given input","M1","1","multiple_choice","","If f(x) = 2x^2 - 3x + 1, what is f(-2)?","15","3","7","11","A","1","Substitute -2: 2(4) - 3(-2) + 1 = 8 + 6 + 1 = 15.","75","none","{}","","","","","","evaluate a function at a given input","","math,domain:Advanced Math,skill:ADV_NF_002,arch:MATH_ARCH_063_FUNCTION_EVALUATE,sim:SIM_FUNCTION_NOTATION_AND_VALUES,fp:b24e6e7d,tier:M1"
"SAT_MATH_33","33","MATH_V6_33","400-600","MATH33_M1_Q08","MATH","1","base","8","Problem-Solving and Data Analysis","Ratios Rates and Proportions","PSD_RRP_007","Convert units using one conversion factor","Convert units using one conversion factor","M1","1","multiple_choice","","A trail is 3.5 kilometers long. How many meters long is the trail?","3500","35","350","35000","A","1","Since 1 kilometer equals 1,000 meters, 3.5 kilometers equals 3,500 meters.","75","none","{}","","","","","","convert units using one conversion factor","","math,domain:Problem-Solving and Data Analysis,skill:PSD_RRP_007,arch:MATH_ARCH_038_UNIT_CONVERSION_SINGLE,sim:SIM_RATIOS_RATES_PROPORTIONS,fp:448f85f5,tier:M1"
"SAT_MATH_33","33","MATH_V6_33","400-600","MATH33_M1_Q09","MATH","1","base","9","Algebra","Linear Functions","ALG_LF_002","Build a linear equation from a starting amount and constant rate","Build a linear equation from a starting amount and constant rate","M1","1","multiple_choice","","A music service charges a one-time setup fee of $12 and $8 per month. Which equation gives the total cost C, in dollars, for m months?","C = 12m + 8","C = 8m + 12","C = 8(m + 12)","C = 12m","B","2","The fixed fee is 12 and the monthly charge is 8m, so C = 8m + 12.","75","none","{}","","","","","","build a linear equation from a starting amount and constant rate","","math,domain:Algebra,skill:ALG_LF_002,arch:MATH_ARCH_005_LINEAR_MODEL_BUILD_FROM_CONTEXT,sim:SIM_LINEAR_FUNCTIONS_AND_GRAPHS,fp:20af9f43,tier:M1"
"SAT_MATH_33","33","MATH_V6_33","400-600","MATH33_M1_Q10","MATH","1","base","10","Advanced Math","Equivalent Expressions","ADV_EE_003","Expand polynomial products","Expand polynomial products","M1","1","multiple_choice","","Which expression is equivalent to (2x - 3)(x + 5)?","2x^2 + 13x - 15","2x^2 - 7x - 15","2x^2 + 7x + 15","2x^2 + 7x - 15","D","4","Distributing gives 2x^2 + 10x - 3x - 15 = 2x^2 + 7x - 15.","75","none","{}","","","","","","expand polynomial products","","math,domain:Advanced Math,skill:ADV_EE_003,arch:MATH_ARCH_070_POLYNOMIAL_EXPAND,sim:SIM_POLYNOMIAL_RATIONAL_EXPRESSIONS,fp:2d5d9922,tier:M1"
"SAT_MATH_33","33","MATH_V6_33","400-600","MATH33_M1_Q11","MATH","1","base","11","Problem-Solving and Data Analysis","Ratios Rates and Proportions","PSD_RRP_001","Convert part-to-part ratio into part-to-whole fraction","Convert part-to-part ratio into part-to-whole fraction","M1","1","student_response","","The ratio of red marbles to blue marbles in a bag is 3 to 5. What fraction of the marbles are red?","","","","","","","There are 3 + 5 = 8 total ratio parts, and 3 are red, so the fraction is 3/8.","75","none","{}","","","fraction","3/8","0","convert part-to-part ratio into part-to-whole fraction","","math,domain:Problem-Solving and Data Analysis,skill:PSD_RRP_001,arch:MATH_ARCH_032_RATIO_PART_TO_WHOLE,sim:SIM_RATIOS_RATES_PROPORTIONS,fp:5acd49ec,tier:M1"
"SAT_MATH_33","33","MATH_V6_33","400-600","MATH33_M1_Q12","MATH","1","base","12","Geometry and Trigonometry","Triangles","GEO_TRI_002","Find angle measures using triangle angle sum and exterior angle","Find angle measures using triangle angle sum and exterior angle","M1","1","multiple_choice","","In triangle ABC, angle A measures 47° and angle B measures 68°. What is the measure of angle C?","65","55","75","115","A","1","The angles of a triangle sum to 180°, so angle C = 180 - 47 - 68 = 65°.","75","triangle","{""diagram_type"":""triangle"",""render_mode"":""near_to_scale"",""not_to_scale"":true,""vertices"":[""A"",""B"",""C""],""angle_labels"":{""A"":""47°"",""B"":""68°"",""C"":""x°""},""target"":""angle C""}","","","","","","find angle measures using triangle angle sum and exterior angle","","math,domain:Geometry and Trigonometry,skill:GEO_TRI_002,arch:MATH_ARCH_085_TRIANGLE_ANGLE_SUM,sim:SIM_TRIANGLE_ANGLE_RELATIONSHIPS,fp:54040492,tier:M1"
"SAT_MATH_33","33","MATH_V6_33","400-600","MATH33_M1_Q13","MATH","1","base","13","Advanced Math","Nonlinear Functions","ADV_NF_003","Interpret f(x) notation in a real-world relationship","Interpret f(x) notation in a real-world relationship","M1","1","student_response","","The function p(t) = 240 - 15t gives the number of pages left to read after t days. How many pages are left after 6 days?","","","","","","","Evaluate p(6): 240 - 15(6) = 240 - 90 = 150.","75","none","{}","","","integer","150","0","interpret f(x) notation in a real-world relationship","","math,domain:Advanced Math,skill:ADV_NF_003,arch:MATH_ARCH_064_FUNCTION_NOTATION_CONTEXT,sim:SIM_FUNCTION_NOTATION_AND_VALUES,fp:9cf9bf0c,tier:M1"
"SAT_MATH_33","33","MATH_V6_33","400-600","MATH33_M1_Q14","MATH","1","base","14","Algebra","Linear Functions","ALG_LF_006","Write the equation of a line through two points","Write the equation of a line through two points","M2","1","multiple_choice","","Which equation represents the line through (2, 5) and (6, 13)?","y = 2x - 1","y = 3x - 1","y = 2x + 1","y = x + 3","C","3","The slope is (13 - 5)/(6 - 2) = 2. Using (2,5), 5 = 2(2) + b, so b = 1.","75","none","{}","","","","","","write the equation of a line through two points","","math,domain:Algebra,skill:ALG_LF_006,arch:MATH_ARCH_009_LINEAR_GRAPH_EQUATION_FROM_POINTS,sim:SIM_LINEAR_FUNCTIONS_AND_GRAPHS,fp:343309cc,tier:M2"
"SAT_MATH_33","33","MATH_V6_33","400-600","MATH33_M1_Q15","MATH","1","base","15","Advanced Math","Equivalent Expressions","ADV_EE_004","Factor polynomial expression","Factor polynomial expression","M2","1","multiple_choice","","Which expression is equivalent to x^2 - 11x + 24?","(x - 3)(x - 8)","(x + 3)(x + 8)","(x - 4)(x - 6)","(x + 3)(x - 8)","A","1","The factors must multiply to 24 and add to -11, so they are -3 and -8.","75","none","{}","","","","","","factor polynomial expression","","math,domain:Advanced Math,skill:ADV_EE_004,arch:MATH_ARCH_071_POLYNOMIAL_FACTOR,sim:SIM_POLYNOMIAL_RATIONAL_EXPRESSIONS,fp:c53d8762,tier:M2"
"SAT_MATH_33","33","MATH_V6_33","400-600","MATH33_M1_Q16","MATH","1","base","16","Problem-Solving and Data Analysis","Statistics","PSD_STAT_002","Find median interval/value from frequency table","Find median interval/value from frequency table","M2","1","multiple_choice","","The table shows the number of books read by 25 students in one month. What is the median number of books read?","2","4","5","3","D","4","With 25 students, the median is the 13th value. The cumulative counts are 3, 10, 19, 23, and 25, so the 13th value is 3.","75","table","{}","Books read | Number of students\n--- | ---\n0 | 3\n1 | 7\n3 | 9\n4 | 4\n6 | 2","","","","","find median interval/value from frequency table","","math,domain:Problem-Solving and Data Analysis,skill:PSD_STAT_002,arch:MATH_ARCH_052_MEDIAN_FROM_FREQUENCY,sim:SIM_STATISTICS_CENTER_SPREAD,fp:fa2ace89,tier:M2"
"SAT_MATH_33","33","MATH_V6_33","400-600","MATH33_M1_Q17","MATH","1","base","17","Algebra","Systems of Equations","ALG_SYS_001","Determine which ordered pair solves a system of linear equations","Determine which ordered pair solves a system of linear equations","M2","1","multiple_choice","","Which ordered pair solves the system y = 2x + 1 and 3x + y = 16?","(2, 5)","(4, 9)","(5, 6)","(3, 7)","D","4","Substitute y = 2x + 1: 3x + 2x + 1 = 16, so x = 3 and y = 7.","75","none","{}","","","","","","determine which ordered pair solves a system of linear equations","","math,domain:Algebra,skill:ALG_SYS_001,arch:MATH_ARCH_015_SYSTEM_SOLUTION_ORDERED_PAIR,sim:SIM_LINEAR_SYSTEMS,fp:7b2d66a8,tier:M2"
"SAT_MATH_33","33","MATH_V6_33","400-600","MATH33_M1_Q18","MATH","1","base","18","Advanced Math","Nonlinear Functions","ADV_NF_009","Solve quadratic equation by factoring","Solve quadratic equation by factoring","M2","1","student_response","","The equation x^2 - 9x + 20 = 0 has two solutions. What is the greater solution?","","","","","","","Factoring gives (x - 4)(x - 5) = 0, so the solutions are 4 and 5; the greater is 5.","75","none","{}","","","integer","5","0","solve quadratic equation by factoring","","math,domain:Advanced Math,skill:ADV_NF_009,arch:MATH_ARCH_075_QUADRATIC_SOLVE_FACTOR,sim:SIM_QUADRATIC_SOLVING,fp:f5eead42,tier:M2"
"SAT_MATH_33","33","MATH_V6_33","400-600","MATH33_M1_Q19","MATH","1","base","19","Algebra","Systems of Equations","ALG_SYS_005","Model counts and totals with a two-variable system","Model counts and totals with a two-variable system","H1","1","student_response","","A box contains 18 coins, all nickels or dimes, worth $1.35 total. How many dimes are in the box?","","","","","","","Let d be dimes and n be nickels. Then d+n=18 and 10d+5n=135. Subtracting 5(d+n)=90 gives 5d=45, so d=9.","75","none","{}","","","integer","9","0","model counts and totals with a two-variable system","","math,domain:Algebra,skill:ALG_SYS_005,arch:MATH_ARCH_019_SYSTEM_CONTEXT_COUNT_WEIGHT,sim:SIM_LINEAR_SYSTEMS,fp:e8b9b58f,tier:H1"
"SAT_MATH_33","33","MATH_V6_33","400-600","MATH33_M1_Q20","MATH","1","base","20","Geometry and Trigonometry","Area","GEO_AREA_001","Compute surface area of prism/cylinder or composite solid","Compute surface area of prism/cylinder or composite solid","H2","1","multiple_choice","","A company covers the curved surface and one circular base of a cylindrical display with material. The cylinder has radius 3 centimeters and height 8 centimeters. If the company orders 10% more material than the exact area to allow for waste, how much material does it order, in square centimeters?","62.7π","52.8π","57π","66π","A","1","The covered area is the lateral area plus one base: 2πrh+πr^2=2π(3)(8)+π(3^2)=48π+9π=57π. Including 10% extra gives 1.10(57π)=62.7π.","75","none","{}","","","","","","compute surface area of prism/cylinder or composite solid","","math,domain:Geometry and Trigonometry,skill:GEO_AREA_001,arch:MATH_ARCH_100_SOLID_SURFACE_AREA,sim:SIM_SOLID_MEASUREMENT,fp:66583a26,tier:H2"
"SAT_MATH_33","33","MATH_V6_33","400-600","MATH33_M1_Q21","MATH","1","base","21","Problem-Solving and Data Analysis","Percentages","PSD_PCT_005","Use revenue, cost percentage, and profit percentage","Use revenue, cost percentage, and profit percentage","H1","1","multiple_choice","","A store buys a bicycle for $240 and marks the price up by 35%. During a sale, the marked price is reduced by $24. What is the sale price?","276","300","288","324","B","2","The markup is 0.35(240)=84, so the marked price is 324. Subtracting 24 gives a sale price of $300.","75","none","{}","","","","","","use revenue, cost percentage, and profit percentage","","math,domain:Problem-Solving and Data Analysis,skill:PSD_PCT_005,arch:MATH_ARCH_046_COMMISSION_PROFIT_PERCENT,sim:SIM_PERCENT_RELATIONSHIPS,fp:8bb3a5ba,tier:H1"
"SAT_MATH_33","33","MATH_V6_33","400-600","MATH33_M1_Q22","MATH","1","base","22","Advanced Math","Nonlinear Functions","ADV_NF_014","Use discriminant to determine number/type of solutions","Use discriminant to determine number/type of solutions","H2","1","student_response","","For what value of k does the equation x^2 - 10x + k = 0 have exactly one real solution?","","","","","","","Exactly one real solution occurs when the discriminant is zero: (-10)^2-4(1)(k)=0. Thus 100-4k=0 and k=25.","75","none","{}","","","integer","25","0","use discriminant to determine number/type of solutions","","math,domain:Advanced Math,skill:ADV_NF_014,arch:MATH_ARCH_080_QUADRATIC_DISCRIMINANT,sim:SIM_QUADRATIC_SOLVING,fp:4e632ceb,tier:H2"
"SAT_MATH_33","33","MATH_V6_33","600-800","MATH33_M2_Q01","MATH","2","hard","1","Algebra","Systems of Equations","ALG_SYS_003","Solve a 2x2 linear system by substitution","Solve a 2x2 linear system by substitution","M2","1","multiple_choice","","What is the x-coordinate of the solution to y = 3x - 4 and 2x + y = 21?","3","4","5","7","C","3","Substitute y = 3x - 4 into the second equation: 2x + 3x - 4 = 21, so 5x = 25 and x = 5.","105","none","{}","","","","","","solve a 2x2 linear system by substitution","","math,domain:Algebra,skill:ALG_SYS_003,arch:MATH_ARCH_017_SYSTEM_SOLVE_SUBSTITUTION,sim:SIM_LINEAR_SYSTEMS,fp:bf76ba91,tier:M2"
"SAT_MATH_33","33","MATH_V6_33","600-800","MATH33_M2_Q02","MATH","2","hard","2","Advanced Math","Nonlinear Functions","ADV_NF_004","Evaluate nested or composed functions","Evaluate nested or composed functions","H2","1","multiple_choice","","If f(x)=x^2-1 and g(x)=2x+3, what is f(g(2))?","24","35","50","48","D","4","First g(2)=7. Then f(7)=7^2-1=48.","105","none","{}","","","","","","evaluate nested or composed functions","","math,domain:Advanced Math,skill:ADV_NF_004,arch:MATH_ARCH_065_FUNCTION_COMPOSITION,sim:SIM_FUNCTION_NOTATION_AND_VALUES,fp:e071a03c,tier:H2"
"SAT_MATH_33","33","MATH_V6_33","600-800","MATH33_M2_Q03","MATH","2","hard","3","Problem-Solving and Data Analysis","Ratios Rates and Proportions","PSD_RRP_008","Convert units through multiple conversion factors","Convert units through multiple conversion factors","H2","1","multiple_choice","","A car travels at 72 kilometers per hour. Approximately how many meters per second is this?","12","20","25","36","B","2","Convert kilometers to meters and hours to seconds: 72,000/3,600 = 20 meters per second.","105","none","{}","","","","","","convert units through multiple conversion factors","","math,domain:Problem-Solving and Data Analysis,skill:PSD_RRP_008,arch:MATH_ARCH_039_UNIT_CONVERSION_CHAIN,sim:SIM_RATIOS_RATES_PROPORTIONS,fp:ebf6058c,tier:H2"
"SAT_MATH_33","33","MATH_V6_33","600-800","MATH33_M2_Q04","MATH","2","hard","4","Geometry and Trigonometry","Triangles","GEO_TRI_003","Use Pythagorean theorem in right triangle","Use Pythagorean theorem in right triangle","M1","1","multiple_choice","","A right triangle has legs of lengths 9 and 12. What is the length of its hypotenuse?","13","18","15","21","C","3","By the Pythagorean theorem, c = √(9^2+12^2)=√225=15.","105","right_triangle","{""diagram_type"":""right_triangle"",""render_mode"":""exact_to_scale"",""not_to_scale"":false,""vertices"":[""A"",""B"",""C""],""right_angle_at"":""C"",""side_labels"":{""AC"":""9"",""BC"":""12"",""AB"":""x""},""target"":""AB"",""coordinates"":{""A"":[0,9],""B"":[12,0],""C"":[0,0]}}","","","","","","use Pythagorean theorem in right triangle","","math,domain:Geometry and Trigonometry,skill:GEO_TRI_003,arch:MATH_ARCH_086_PYTHAGOREAN_THEOREM,sim:SIM_RIGHT_TRIANGLE_PYTHAGOREAN,fp:6e39e9ac,tier:M1"
"SAT_MATH_33","33","MATH_V6_33","600-800","MATH33_M2_Q05","MATH","2","hard","5","Algebra","Systems of Equations","ALG_SYS_006","Find parameter value that makes two linear equations parallel","Find parameter value that makes two linear equations parallel","H3","1","multiple_choice","","For what value of k does the system 4x + 6y = 10 and 2x + ky = 9 have no solution?","2","4","6","3","D","4","For no solution, the coefficients must be proportional but the constants not proportional. Halving the first equation gives 2x+3y=5, so k=3; the second constant 9 differs from 5.","105","none","{}","","","","","","find parameter value that makes two linear equations parallel","","math,domain:Algebra,skill:ALG_SYS_006,arch:MATH_ARCH_020_SYSTEM_NO_SOLUTION_PARAMETER,sim:SIM_LINEAR_SYSTEMS,fp:75e31072,tier:H3"
"SAT_MATH_33","33","MATH_V6_33","600-800","MATH33_M2_Q06","MATH","2","hard","6","Advanced Math","Nonlinear Functions","ADV_NF_008","Model exponential growth or decay","Model exponential growth or decay","H3","1","multiple_choice","","A culture starts with 800 bacteria and increases by 25% every 3 hours. Which expression gives the number of bacteria after h hours?","800(1.25)^(h/3)","800(1.25)^(3h)","800(0.75)^(h/3)","800 + 1.25h","A","1","Each 3-hour interval multiplies the population by 1.25. There are h/3 such intervals, so the model is 800(1.25)^(h/3).","105","none","{}","","","","","","model exponential growth or decay","","math,domain:Advanced Math,skill:ADV_NF_008,arch:MATH_ARCH_074_EXPONENTIAL_GROWTH_DECAY,sim:SIM_EXPONENTIAL_MODELS,fp:1cdf5e37,tier:H3"
"SAT_MATH_33","33","MATH_V6_33","600-800","MATH33_M2_Q07","MATH","2","hard","7","Problem-Solving and Data Analysis","Percentages","PSD_PCT_003","Compute net effect of successive percent changes","Compute net effect of successive percent changes","H2","1","multiple_choice","","A price is increased by 20% and then decreased by 15%. What is the overall percent change from the original price?","5% increase","2% decrease","2% increase","5% decrease","C","3","The combined multiplier is 1.20·0.85=1.02, so the final price is 2% greater than the original.","105","none","{}","","","","","","compute net effect of successive percent changes","","math,domain:Problem-Solving and Data Analysis,skill:PSD_PCT_003,arch:MATH_ARCH_044_SUCCESSIVE_PERCENT_CHANGE,sim:SIM_PERCENT_RELATIONSHIPS,fp:965cc5f7,tier:H2"
"SAT_MATH_33","33","MATH_V6_33","600-800","MATH33_M2_Q08","MATH","2","hard","8","Geometry and Trigonometry","Triangles","GEO_TRI_004","Use 30-60-90 or 45-45-90 triangle ratios","Use 30-60-90 or 45-45-90 triangle ratios","H3","1","multiple_choice","","In a 30°-60°-90° triangle, the side opposite 30° has length 7. What is the length of the hypotenuse?","7√3","14√3","21","14","D","4","In a 30°-60°-90° triangle, the hypotenuse is twice the shorter leg, so it is 14.","105","none","{}","","","","","","use 30-60-90 or 45-45-90 triangle ratios","","math,domain:Geometry and Trigonometry,skill:GEO_TRI_004,arch:MATH_ARCH_087_SPECIAL_RIGHT_TRIANGLES,sim:SIM_SPECIAL_RIGHT_TRIANGLES,fp:95bb4c1b,tier:H3"
"SAT_MATH_33","33","MATH_V6_33","600-800","MATH33_M2_Q09","MATH","2","hard","9","Algebra","Systems of Equations","ALG_SYS_007","Find parameter value that makes two equations equivalent","Find parameter value that makes two equations equivalent","H3","1","multiple_choice","","For what values of a and b does the system ax + by = 12 and 3x - 6y = 4 have infinitely many solutions?","a = 1 and b = -2","a = 9 and b = -18","a = 6 and b = -12","a = 9 and b = 18","B","2","The first equation must be 3 times the second because 12=3·4. Thus a=9 and b=-18.","105","none","{}","","","","","","find parameter value that makes two equations equivalent","","math,domain:Algebra,skill:ALG_SYS_007,arch:MATH_ARCH_021_SYSTEM_INFINITE_SOLUTIONS_PARAMETER,sim:SIM_LINEAR_SYSTEMS,fp:00b19a14,tier:H3"
"SAT_MATH_33","33","MATH_V6_33","600-800","MATH33_M2_Q10","MATH","2","hard","10","Advanced Math","Nonlinear Functions","ADV_NF_011","Complete the square to find vertex or solve","Complete the square to find vertex or solve","H3","1","multiple_choice","","Which form of x^2 - 8x + 3 reveals the vertex of its graph?","(x - 4)^2 + 13","(x + 4)^2 - 13","(x - 4)^2 - 13","(x - 8)^2 - 61","C","3","Complete the square: x^2-8x+3=(x-4)^2-16+3=(x-4)^2-13.","105","none","{}","","","","","","complete the square to find vertex or solve","","math,domain:Advanced Math,skill:ADV_NF_011,arch:MATH_ARCH_077_QUADRATIC_COMPLETE_SQUARE,sim:SIM_QUADRATIC_FEATURES,fp:b865422f,tier:H3"
"SAT_MATH_33","33","MATH_V6_33","600-800","MATH33_M2_Q11","MATH","2","hard","11","Problem-Solving and Data Analysis","Probability","PSD_PROB_001","Compute probability from a two-way table with correct denominator","Compute probability from a two-way table with correct denominator","H1","1","multiple_choice","","The table summarizes students in a club. If one student is selected at random, what is the probability that the student is a senior who plays an instrument?","3/8","2/5","5/8","1/4","D","4","There are 40 students total, and 10 are seniors who play an instrument. The probability is 10/40=1/4.","105","table","{}","| Plays an instrument | Does not play | Total\n--- | --- | --- | ---\nJunior | 15 | 5 | 20\nSenior | 10 | 10 | 20\nTotal | 25 | 15 | 40","","","","","compute probability from a two-way table with correct denominator","","math,domain:Problem-Solving and Data Analysis,skill:PSD_PROB_001,arch:MATH_ARCH_049_TWO_WAY_TABLE_PROBABILITY,sim:SIM_PROBABILITY_TABLES,fp:43544792,tier:H1"
"SAT_MATH_33","33","MATH_V6_33","600-800","MATH33_M2_Q12","MATH","2","hard","12","Algebra","Linear Equations","ALG_LE_005","Solve a literal equation with parameters in terms of other variables","Solve a literal equation with parameters in terms of other variables","H3","1","multiple_choice","","The formula P = (2ab)/(a+b) is solved for b. Which expression is equivalent to b?","aP/(2a+P)","P/(2a-P)","aP/(2a-P)","2aP/(a-P)","C","3","Multiply by a+b: P(a+b)=2ab. Then Pa+Pb=2ab, so Pa=b(2a-P), giving b=aP/(2a-P).","105","none","{}","","","","","","solve a literal equation with parameters in terms of other variables","","math,domain:Algebra,skill:ALG_LE_005,arch:MATH_ARCH_014_LITERAL_EQUATION_PARAMETER,sim:SIM_LINEAR_EQUATIONS_AND_INEQUALITIES,fp:37131b41,tier:H3"
"SAT_MATH_33","33","MATH_V6_33","600-800","MATH33_M2_Q13","MATH","2","hard","13","Advanced Math","Nonlinear Functions","ADV_NF_006","Solve radical equation and check extraneous solution","Solve radical equation and check extraneous solution","H3","1","multiple_choice","","What is the solution to √(x+5) = x-1?","4","-1","1","6","A","1","The right side requires x≥1. Squaring gives x+5=(x-1)^2, or x^2-3x-4=0, so x=4 or -1. Only x=4 satisfies the original equation.","105","none","{}","","","","","","solve radical equation and check extraneous solution","","math,domain:Advanced Math,skill:ADV_NF_006,arch:MATH_ARCH_069_RADICAL_EQUATION_EXTRANEOUS,sim:SIM_EXPONENT_RADICALS,fp:08462b44,tier:H3"
"SAT_MATH_33","33","MATH_V6_33","600-800","MATH33_M2_Q14","MATH","2","hard","14","Algebra","Systems of Equations","ALG_SYS_008","Find maximum possible coordinate from two linear inequalities","Find maximum possible coordinate from two linear inequalities","H2","1","student_response","","A point (x,y) satisfies x≥0, y≥0, 2x+y≤18, and x+3y≤21. What is the greatest possible value of x+y?","","","","","","","The maximum occurs at the intersection of 2x+y=18 and x+3y=21. Solving gives x=33/5 and y=24/5, so x+y=57/5.","105","none","{}","","","fraction","57/5","0","find maximum possible coordinate from two linear inequalities","","math,domain:Algebra,skill:ALG_SYS_008,arch:MATH_ARCH_027_SYSTEM_INEQUALITIES_MAX_COORDINATE,sim:SIM_LINEAR_SYSTEMS,fp:aee997f1,tier:H2"
"SAT_MATH_33","33","MATH_V6_33","600-800","MATH33_M2_Q15","MATH","2","hard","15","Algebra","Linear Equations","ALG_LE_011","Solve inequality with discrete rounding or ceiling/floor interpretation","Solve inequality with discrete rounding or ceiling/floor interpretation","H2","1","multiple_choice","","A delivery van can carry at most 1,250 kilograms. Each crate has a mass of 78 kilograms, and the driver and equipment have a combined mass of 206 kilograms. What is the greatest whole number of crates the van can carry?","12","13","14","16","B","2","The crates can have total mass at most 1,250-206=1,044 kilograms. Since 1,044/78 is about 13.38, the greatest whole number is 13.","105","none","{}","","","","","","solve inequality with discrete rounding or ceiling/floor interpretation","","math,domain:Algebra,skill:ALG_LE_011,arch:MATH_ARCH_031_INTEGER_ROUNDING_INEQUALITY,sim:SIM_LINEAR_EQUATIONS_AND_INEQUALITIES,fp:51bcc5bc,tier:H2"
"SAT_MATH_33","33","MATH_V6_33","600-800","MATH33_M2_Q16","MATH","2","hard","16","Algebra","Systems of Equations","ALG_SYS_010","Translate multi-constraint budget/resource situation into inequalities","Translate multi-constraint budget/resource situation into inequalities","H2","1","multiple_choice","","A theater sells adult tickets for $14 and student tickets for $9. It can seat at most 180 people and must collect at least $2,070. Which system describes the possible numbers a of adult tickets and s of student tickets?","a+s≥180 and 14a+9s≤2070","a+s≤180 and 14a+9s≤2070","a+s≤180 and 14a+9s≥2070","a+s≥180 and 14a+9s≥2070","C","3","The seating limit gives a+s≤180. The minimum revenue gives 14a+9s≥2070.","105","none","{}","","","","","","translate multi-constraint budget/resource situation into inequalities","","math,domain:Algebra,skill:ALG_SYS_010,arch:MATH_ARCH_030_BUDGET_SYSTEM_INEQUALITIES,sim:SIM_LINEAR_SYSTEMS,fp:7862801c,tier:H2"
"SAT_MATH_33","33","MATH_V6_33","600-800","MATH33_M2_Q17","MATH","2","hard","17","Advanced Math","Nonlinear Functions","ADV_NF_001","Determine parameters for a line and parabola system with two real solutions","Determine parameters for a line and parabola system with two real solutions","H3","1","multiple_choice","","Given k > -3, for which value of k does the line y=kx+1 intersect the parabola y=x^2-3x+5 at exactly one point?","-5","-3","5","1","D","4","Set the equations equal: x^2-(k+3)x+4=0. Exactly one intersection requires discriminant 0, so (k+3)^2=16 and k=1 or -7. The condition k>-3 leaves k=1.","105","none","{}","","","","","","determine parameters for a line and parabola system with two real solutions","","math,domain:Advanced Math,skill:ADV_NF_001,arch:MATH_ARCH_022_SYSTEM_QUADRATIC_LINE_TWO_SOLUTIONS,sim:SIM_QUADRATIC_SOLVING,fp:ae9cfbad,tier:H3"
"SAT_MATH_33","33","MATH_V6_33","600-800","MATH33_M2_Q18","MATH","2","hard","18","Advanced Math","Nonlinear Functions","ADV_NF_007","Solve rational equation and reject excluded values","Solve rational equation and reject excluded values","H3","1","multiple_choice","","The equation 3/(x-2) + 2/(x+1) = 1 has two solutions. What is the greater solution?","3-√10","3+√10","-3+√10","-3-√10","B","2","Multiplying by (x-2)(x+1) gives 3(x+1)+2(x-2)=(x-2)(x+1). This simplifies to x^2-6x-1=0, so x=3±√10. Both are allowed, and the greater is 3+√10.","105","none","{}","","","","","","solve rational equation and reject excluded values","","math,domain:Advanced Math,skill:ADV_NF_007,arch:MATH_ARCH_073_RATIONAL_EQUATION_SOLVE,sim:SIM_RATIONAL_EQUATIONS,fp:225d6b7a,tier:H3"
"SAT_MATH_33","33","MATH_V6_33","600-800","MATH33_M2_Q19","MATH","2","hard","19","Geometry and Trigonometry","Triangles","GEO_TRI_006","Use similar triangles and scale factors","Use similar triangles and scale factors","H3","1","multiple_choice","","Triangles ABC and DEF are similar with A corresponding to D, B to E, and C to F. If AB=6, BC=9, and DE=10, what is EF?","12","15","13.5","18","B","2","The scale factor from triangle ABC to triangle DEF is 10/6=5/3. Therefore EF=9(5/3)=15.","105","triangle","{""diagram_type"":""similar_triangles"",""render_mode"":""near_to_scale"",""not_to_scale"":true,""triangles"":[{""triangle_id"":""ABC"",""vertices"":[""A"",""B"",""C""],""side_labels"":{""AB"":""6"",""BC"":""9""},""angle_labels"":{}},{""triangle_id"":""DEF"",""vertices"":[""D"",""E"",""F""],""side_labels"":{""DE"":""10"",""EF"":""x""},""angle_labels"":{}}],""correspondence"":{""A"":""D"",""B"":""E"",""C"":""F""},""target"":""EF""}","","","","","","use similar triangles and scale factors","","math,domain:Geometry and Trigonometry,skill:GEO_TRI_006,arch:MATH_ARCH_089_SIMILAR_TRIANGLES_SCALE,sim:SIM_SIMILAR_TRIANGLES,fp:be062c37,tier:H3"
"SAT_MATH_33","33","MATH_V6_33","600-800","MATH33_M2_Q20","MATH","2","hard","20","Advanced Math","Nonlinear Functions","ADV_NF_012","Interpret vertex form of a quadratic function","Interpret vertex form of a quadratic function","H3","1","multiple_choice","","A quadratic function has vertex (3,-5) and passes through (5,7). Which equation represents the function?","y=2(x-3)^2-5","y=3(x+3)^2-5","y=3(x-3)^2-5","y=3(x-3)^2+5","C","3","Use y=a(x-3)^2-5. Substituting (5,7) gives 7=4a-5, so a=3.","105","none","{}","","","","","","interpret vertex form of a quadratic function","","math,domain:Advanced Math,skill:ADV_NF_012,arch:MATH_ARCH_078_QUADRATIC_VERTEX_FORM,sim:SIM_QUADRATIC_FEATURES,fp:25c3d89c,tier:H3"
"SAT_MATH_33","33","MATH_V6_33","600-800","MATH33_M2_Q21","MATH","2","hard","21","Geometry and Trigonometry","Trigonometry","GEO_TRIG_004","Use benchmark unit-circle values","Use benchmark unit-circle values","H3","1","multiple_choice","","An angle θ is in quadrant II, and sin θ = √3/2. What is the value of cos(2θ)?","-1/2","1/2","-√3/2","√3/2","A","1","Use cos(2θ)=1-2sin^2θ. Then cos(2θ)=1-2(3/4)=1-3/2=-1/2.","105","none","{}","","","","","","use benchmark unit-circle values","","math,domain:Geometry and Trigonometry,skill:GEO_TRIG_004,arch:MATH_ARCH_098_UNIT_CIRCLE_BENCHMARK,sim:SIM_TRIGONOMETRY_RELATIONSHIPS,fp:e25ffa6a,tier:H3"
"SAT_MATH_33","33","MATH_V6_33","600-800","MATH33_M2_Q22","MATH","2","hard","22","Advanced Math","Nonlinear Functions","ADV_NF_013","Match parabola graph to equation using vertex/intercepts/points","Match parabola graph to equation using vertex/intercepts/points","H3","1","multiple_choice","","A parabola has x-intercepts -2 and 6 and passes through (0,-24). Which equation represents the parabola?","y=(x+2)(x-6)","y=-2(x+2)(x-6)","y=2(x+2)(x-6)","y=2(x-2)(x+6)","C","3","With the given intercepts, y=a(x+2)(x-6). Using (0,-24) gives -24=-12a, so a=2.","105","none","{}","","","","","","match parabola graph to equation using vertex/intercepts/points","","math,domain:Advanced Math,skill:ADV_NF_013,arch:MATH_ARCH_079_QUADRATIC_GRAPH_MATCH,sim:SIM_QUADRATIC_FEATURES,fp:f22ff4c2,tier:H3"
